name,party,here,registered,absent,for,against,abstain,no-vote
ДИМИТЪР НИКОЛОВ ГАМИШЕВ,ГЕРБ,81,0,41,2288,393,99,766
НОНА КРЪСТЕВА ЙОТОВА,ПГБСП,291,20,115,3011,708,951,6584
ДЕСИСЛАВА ВЪЛЧЕВА АТАНАСОВА,ГЕРБ,113,44,269,4802,674,322,5456
ЕМИЛ ДИМИТРОВ СИМЕОНОВ,ОП,289,13,51,4132,453,448,4493
КРИСТИАН ИВАНОВ ВИГЕНИН,ПГБСП,105,44,277,1729,438,464,8623
РОСЕН МАЛИНОВ МАЛИНОВ,БСП,56,3,25,517,175,322,1095
СТОЯН ХРИСТОВ ПАСЕВ,ГЕРБ,4,0,5,100,19,9,12
БОРИС ЯНКОВ ЯЧЕВ,ОП,116,67,243,2594,360,308,7992
ВАЛЕНТИН ГЕОРГИЕВ ЛАМБЕВ,ПГБСП,186,24,216,1477,432,415,8930
ДАНАИЛ ДИМИТРОВ КИРИЛОВ,ГЕРБ,193,4,68,3874,626,295,2674
МИХАИЛ ИВАЙЛОВ ХРИСТОВ,ПГБСП,54,115,257,675,241,175,10163
СТАНИСЛАВ ИВАНОВ ВЛАДИМИРОВ,ПГБСП,140,31,161,2974,780,930,4164
НЕДЯЛКО ЖИВКОВ СЛАВОВ,ГЕРБ,6,0,3,97,11,15,17
ДЕЛЯН СЛАВЧЕВ ПЕЕВСКИ,ДПС,4,1,421,5,0,0,11249
ИГЛИКА ИВАНОВА ИВАНОВА-СЪБЕВА,ГЕРБ,309,2,106,7684,1014,456,1960
НИКОЛАЙ ЦВЕТАНОВ СИРАКОВ,ГЕРБ,361,3,62,7942,730,798,1784
ПЕТЯ ЦВЕТАНОВА АВРАМОВА,ГЕРБ,52,1,127,3323,214,477,883
ТАСКО МИХАЙЛОВ ЕРМЕНКОВ,ПГБСП,276,18,132,2914,755,723,6862
ВЛАДИСЛАВ ИВАНОВ ГОРАНОВ,ГЕРБ,8,0,0,76,21,4,24
АТАНАС ПЕТРОВ КОСТАДИНОВ,ПГБСП,96,78,252,1543,475,481,8755
МУСТАФА САЛИ КАРАДАЙЪ,ДПС,111,105,210,583,112,200,10359
ПЕТЪР БОЙКОВ ВИТАНОВ,ПГБСП,117,27,148,2687,635,876,3960
ПОЛИНА ЦВЕТОСЛАВОВА ЦАНКОВА-ХРИСТОВА,ВОЛЯ,315,14,97,4183,127,699,6245
РУСЛАН ЗДРАВКОВ ТОШЕВ,ГЕРБ,185,12,117,4882,175,821,2831
ВЛАДИСЛАВ ТОШКОВ НИКОЛОВ,ГЕРБ,396,4,26,7193,982,377,2702
ГЕОРГИ ЯНЧЕВ ГЬОКОВ,ПГБСП,325,7,94,2877,870,788,6719
ДИМИТЪР ВЕЛИЧКОВ ГЕОРГИЕВ,ПГБСП,209,33,184,1908,543,507,8296
КИРИЛ БОЯНОВ КАЛФИН,ГЕРБ,305,2,119,5328,692,329,4905
НИКОЛАЙ АСЕНОВ ТИШЕВ,ПГБСП,168,34,224,1553,471,536,8694
НИКОЛАЙ КРЪСТЕВ БОШКИЛОВ,ПГБСП,265,7,154,2145,483,498,8128
ЖЕЛЬО ИВАНОВ БОЙЧЕВ,ПГБСП,190,19,217,1790,479,467,8518
ВАЛЕНТИН ИВАНОВ РАДЕВ,ГЕРБ,194,0,60,3028,271,410,2773
ПЛАМЕН ТРИФОНОВ ХРИСТОВ,ВОЛЯ,116,90,220,1961,95,411,8787
ДЕАН СТОЯНОВ СТАНЧЕВ,ОП,64,1,7,825,67,60,725
АЛЕКСАНДЪР  РУМЕНОВ НЕНКОВ,ГЕРБ,3,0,0,12,0,0,0
АЛЕКСАНДЪР ДИМИТРОВ МАНОЛЕВ,ГЕРБ,4,1,4,97,17,7,19
ВАСИЛ МИЛАНОВ АНТОНОВ,ПГБСП,290,4,132,1526,466,520,8742
КРАСИМИР ЛЮБОМИРОВ ВЕЛЧЕВ,ГЕРБ,150,7,269,4626,691,325,5612
НАДЯ СПАСОВА КЛИСУРСКА-ЖЕКОВА,ПГБСП,177,22,227,2536,634,777,7307
РАМАДАН БАЙРАМ АТАЛАЙ,ДПС,185,15,226,776,152,208,10118
СТЕФАН АПОСТОЛОВ АПОСТОЛОВ,ГЕРБ,149,0,277,6570,471,855,3358
КАЛИН ЛЮБЕНОВ ВЕЛЬОВ,ГЕРБ,5,2,2,107,10,8,27
ДАНИЕЛА ВЛАДИМИРОВА САВЕКЛИЕВА,ГЕРБ,153,1,272,6998,867,476,2913
ПАВЕЛ ДИМИТРОВ ШОПОВ,ОП,339,13,74,3159,355,304,7436
ВАЛЕНТИН МИРЧОВ МИЛУШЕВ,ГЕРБ,236,4,186,7977,968,579,1730
ЕРОЛ ОСМАН МЕХМЕД,ДПС,303,2,121,4803,473,769,5209
ПАВЕЛ АЛЕКСЕЕВ ХРИСТОВ,ГЕРБ,300,8,118,7595,983,475,2201
РУМЕН НИКОЛОВ ГЕОРГИЕВ,ПГБСП,327,3,96,5290,1195,1801,2968
ХРИСТО ГРУДЕВ ГРУДЕВ,ГЕРБ,231,3,98,5769,60,982,2037
АЛЕКСАНДЪР НИКОЛАЕВ САБАНОВ,ОП,246,9,171,2005,172,288,8789
ГАЛЯ ЕНЕВА ЗАХАРИЕВА,ГЕРБ,249,3,174,7679,936,464,2175
ГЕОРГИ ЙОРДАНОВ ЙОРДАНОВ,ПГБСП,266,3,157,1505,529,466,8754
СИМЕОН ГЕОРГИЕВ НАЙДЕНОВ,ВОЛЯ,313,13,100,4105,122,679,6348
ДЕСИСЛАВА ЖЕКОВА ТАНЕВА,ГЕРБ,72,37,169,2894,355,255,4274
ТАНЯ ТОДОРОВА ПЕТРОВА,ГЕРБ,338,6,82,7657,608,848,2141
ЕВГЕНИ ГЕНЧЕВ БУДИНОВ,ГЕРБ,181,10,175,6949,597,554,2159
БОРЯНА ЛЮБЕНОВА ГЕОРГИЕВА,ВОЛЯ,174,52,200,4420,157,871,5806
БЮРХАН ИЛИЯЗОВ АБАЗОВ,ДПС,272,14,140,2963,362,433,7496
ВАЛЕНТИНА АЛЕКСАНДРОВА НАЙДЕНОВА,ПГБСП,308,12,106,4001,906,1498,4849
ВЕЖДИ ЛЕТИФ РАШИДОВ,ГЕРБ,142,113,171,1275,215,82,9682
МИЛЕН ВАСИЛЕВ МИХОВ,ОП,339,12,75,4311,352,570,6021
ХРИСТО ГЕОРГИЕВ ГАДЖЕВ,ГЕРБ,190,1,235,7129,911,498,2716
ВЕСЕЛИН НАЙДЕНОВ МАРЕШКИ,ВОЛЯ,110,52,264,503,51,83,10617
КРИСТИНА МАКСИМОВА СИДОРОВА,ПГБСП,209,19,181,2899,718,849,6589
ЛАЛО ГЕОРГИЕВ КИРИЛОВ,ПГБСП,249,28,149,2617,640,710,7287
НИНА ПЕЙЧЕВА МИТКОВА,ВОЛЯ,8,3,44,325,20,38,431
ХРИСТИАН РАДЕВ МИТЕВ,ОП,367,2,57,7344,509,986,2415
ЛИЛЯНА ПАВЛОВА НИКОЛОВА,ГЕРБ,7,0,1,87,16,7,15
РУМЯНА ГЕНЧЕВА БЪЧВАРОВА,ГЕРБ,3,1,5,94,22,4,20
ДАНИЕЛА АНАСТАСОВА ДАРИТКОВА-ПРОДАНОВА,ГЕРБ,258,8,160,6575,631,630,3418
ДИМИТЪР ИВАНОВ АВРАМОВ,ДПС,101,41,284,738,110,146,10260
ИВАН НИКОЛОВ МИХОВСКИ,ГЕРБ,353,1,72,7472,724,701,2357
МИЛКО НЕДЯЛКОВ НЕДЯЛКОВ,ПГБСП,282,5,139,3143,1042,1952,5117
СЛАВИ ДИЧЕВ НЕЦОВ,ВОЛЯ,364,4,58,5990,141,937,4186
СТАНИСЛАВ ИВАНОВ ПОПОВ,ГЕРБ,123,0,123,4116,246,553,1442
ЖИВКО ИВАНОВ МАРТИНОВ,ГЕРБ,36,0,6,431,42,30,111
ПЛАМЕН ТАЧЕВ ПЕТРОВ,ГЕРБ,261,22,143,5672,720,357,4505
ЧАВДАР ЙОРДАНОВ ВЕЛИНОВ,ПГБСП,301,3,122,2650,599,815,7190
ВАЛЕНТИН КИРИЛОВ КАСАБОВ,ОП,201,114,111,3850,519,440,6445
ГЕОРГИ ЕВДОКИЕВ МАРКОВ,ГЕРБ,145,28,253,1590,230,120,9314
ЗАПРЯН ВАСИЛЕВ ЯНКОВ,ГЕРБ,201,6,219,7747,792,669,2046
НЕЛИ РУСКОВА ПЕТРОВА,ГЕРБ,279,1,146,7858,622,872,1902
СПАС ЯНЕВ ПАНЧЕВ,ПГБСП,278,32,116,3195,248,414,7397
АЛЕКСАНДЪР МАИРОВ СИДИ,ОП,301,20,105,3108,342,424,7380
СТАНИСЛАВА КРАСИМИРОВА СТОЯНОВА,ГЕРБ,238,5,183,7084,815,489,2866
ДИМИТЪР ИВАНОВ ГЕЧЕВ,ГЕРБ,211,0,215,6674,669,681,3230
РУМЕН ПЕТРОВ ГЕНОВ,ГЕРБ,180,0,246,8799,1179,425,851
ГЕОРГИ ТЕНЕВ СТАНКОВ,ГЕРБ,180,2,235,5213,735,339,4827
ДОРА ИЛИЕВА ЯНКОВА,ПГБСП,112,106,208,1731,494,405,8624
НИКОЛАЙ ГЕОРГИЕВ ИВАНОВ,ПГБСП,318,2,106,2450,682,924,7198
НИКОЛИНА ПАНАЙОТОВА АНГЕЛКОВА,ГЕРБ,8,0,4,123,25,4,61
СТАНИСЛАВ СТОЯНОВ ИВАНОВ,ГЕРБ,133,10,283,7634,806,578,2236
ХАСАН АХМЕД АДЕМОВ,ДПС,287,13,126,2660,327,458,7809
МАРТИН СТЕФАНОВ ОБРЕШКОВ,ПГБСП,78,0,16,828,193,312,1073
БОРИС ПЕТКОВ КЪРЧЕВ,ГЕРБ,258,0,168,8214,858,659,1523
ГЕОРГИ ЧЕНКОВ ТЪРНОВАЛИЙСКИ,ПГБСП,145,23,258,2114,461,683,7996
ДАНИЕЛ ПЕТКОВ ЙОРДАНОВ,ПГБСП,287,4,135,3467,739,1123,5925
РАДОСТИН РАДОСЛАВОВ ТАНЕВ,ГЕРБ,167,8,251,7231,801,574,2648
СТАНИСЛАВ ТОДОРОВ СТАНИЛОВ,ОП,289,11,126,3680,283,380,6911
СТАНИСЛАВ НАСКОВ ДЕЧЕВ,ГЕРБ,4,0,5,104,18,8,10
АДЛЕН ШУКРИ ШЕВКЕД,ДПС,196,25,205,2250,337,406,8261
АЛЕКСАНДЪР ТИХОМИРОВ СИМОВ,ПГБСП,301,8,117,2368,814,699,7373
ИВЕЛИНА ВЕСЕЛИНОВА ВАСИЛЕВА,ГЕРБ,262,3,161,5561,527,613,4553
ЙОРДАН СТОЯНОВ МЛАДЕНОВ,ПГБСП,138,9,185,1228,376,294,6950
ГЕОРГИ НИКОЛОВ ВЕРГИЕВ,ПГБСП,93,4,73,934,216,312,2511
АНТОН КОНСТАНТИНОВ КУТЕВ,ПГБСП,165,54,207,1831,512,651,8260
ВЛАДИМИР ЦВЕТАНОВ ТОШЕВ,ГЕРБ,320,8,98,7747,1072,308,2127
ИВАН ИВАЙЛОВ ЧЕНЧЕВ,ПГБСП,237,41,148,3522,863,1170,5699
НИКОЛАЙ ДИМИТРОВ ПЕНЕВ,ПГБСП,275,3,148,3303,772,959,6220
ДАНИЕЛА ДОБРЕВА ДИМИТРОВА,ГЕРБ,207,4,172,7384,961,488,1762
ВЕСКА МАРИНОВА НЕНЧЕВА,ПГБСП,265,11,150,2590,712,827,7125
ЕВГЕНИЯ БИСЕРОВА АЛЕКСИЕВА,ГЕРБ,132,2,283,7269,834,528,2483
ИЛИЯН АНГЕЛОВ ТИМЧЕВ,ПГБСП,317,5,104,2325,735,700,7494
ТОМА ЛЮБОМИРОВ БИКОВ,ГЕРБ,160,5,261,6644,858,383,3369
ЖЕЧО ДОНЧЕВ СТАНКОВ,ГЕРБ,6,0,3,109,20,7,4
ДУРХАН МЕХМЕД МУСТАФА,ДПС,0,0,4,0,0,0,43
ВИОЛЕТА РУСЕВА ЖЕЛЕВА,ПГБСП,244,13,169,2722,692,901,6939
ГАЛЯ СТОЯНОВА ВАСИЛЕВА,ГЕРБ,89,6,76,2900,302,215,1340
ЕРДЖАН СЕБАЙТИН ЕБАТИН,ДПС,57,56,313,1217,209,175,9653
КЛАВДИЯ ГЕОРГИЕВА ГРИГОРОВА-ГАНЧЕВА,ГЕРБ,246,1,179,8679,992,594,989
СЕВИМ ИСМАИЛ АЛИ,ДПС,285,4,128,3167,374,537,7036
МИТКО КОСТАДИНОВ ПОЛИХРОНОВ,ГЕРБ,114,0,40,2345,228,183,865
ГЕОРГИ ЗАПРЕВ ДИНЕВ,ГЕРБ,234,1,191,7355,918,523,2458
ДИМИТЪР КРУМОВ АЛЕКСАНДРОВ,ГЕРБ,241,0,185,7882,993,468,1911
ИВАН ДИМОВ ИВАНОВ,ПГБСП,198,14,214,2210,645,723,7676
КРАСИМИР ХРИСТОВ ЯНКОВ,ПГБСП,286,19,121,2347,579,910,7418
НИКОЛАЙ ИВАНОВ ЦОНКОВ,ПГБСП,227,35,164,2086,752,482,7934
СТЕФАН ИВАНОВ БУРДЖЕВ,ПГБСП,149,53,224,1297,407,397,9153
АНЕЛИЯ ДИМИТРОВА КЛИСАРОВА,ПГБСП,98,45,189,1081,334,266,7167
ВЕСЕЛА НИКОЛАЕВА ЛЕЧЕВА,ПГБСП,33,68,325,1739,527,462,8526
ДЖЕВДЕТ ИБРЯМ ЧАКЪРОВ,ДПС,132,62,232,1307,185,215,9547
АЛТИМИР ЕМИЛОВ АДАМОВ,ГЕРБ,318,8,100,4135,458,466,6195
КАЛИН НИКОЛОВ ПОПОВСКИ,ОП,352,4,61,5611,332,787,4384
КРУМ КОСТАДИНОВ ЗАРКОВ,ПГБСП,171,40,215,2070,558,916,7710
МИГЛЕНА ДОЙКОВА АЛЕКСАНДРОВА,ОП,80,41,80,583,42,87,4809
СМИЛЯНА НИКОЛОВА НИТОВА-КРЪСТЕВА,ПГБСП,120,0,14,1577,344,538,637
ВАЛЕРИ СИМЕОНОВ СИМЕОНОВ,ОП,144,17,63,2270,267,239,2942
КРАСЕН КИРИЛОВ КРАЛЕВ,ГЕРБ,4,0,4,91,22,2,10
АЛЕКСАНДЪР РУМЕНОВ НЕНКОВ,ГЕРБ,296,5,122,6090,913,238,4001
БОРИСЛАВ ИВАНОВ БОРИСОВ,ГЕРБ,242,0,184,8961,977,635,681
ИРЕНА ТОДОРОВА АНАСТАСОВА,ПГБСП,296,9,121,2804,777,921,6752
КОЛЬО ЙОРДАНОВ МИЛЕВ,ПГБСП,246,7,173,3493,838,1042,5881
МАРГАРИТА НИКОЛАЕВА НИКОЛОВА,ОП,158,7,261,1550,56,307,9341
НИКОЛАЙ ВЕСЕЛИНОВ АЛЕКСАНДРОВ,ОП,212,19,195,2417,188,438,8211
ИВАЙЛО ЛЮБЕНОВ КОНСТАНТИНОВ,ГЕРБ,35,4,55,1389,297,92,575
ИХСАН ХАЛИЛ ХАККЪ,ДПС,279,4,143,2340,363,416,8135
КОРНЕЛИЯ ПЕТРОВА НИНОВА,ПГБСП,194,33,199,1042,359,237,9616
АХМЕД РЕДЖЕБОВ АХМЕДОВ,ДПС,267,9,150,1372,311,318,9253
ИВАН ТОДОРОВ ИБРИШИМОВ,ПГБСП,142,53,231,1483,471,413,8887
СЛАВЧО ГЕОРГИЕВ ВЕЛКОВ,ПГБСП,149,27,78,925,256,343,5749
ЯВОР РУМЕНОВ БОЖАНКОВ,ПГБСП,78,76,272,1488,456,457,8853
АННА НИКОЛАЕВА СЛАВОВА,ПГБСП,62,8,64,1076,271,408,1341
НИКОЛАЙ НАНКОВ НАНКОВ,ГЕРБ,8,0,4,187,38,5,156
ДИМИТЪР БОЙЧЕВ ПЕТРОВ,ГЕРБ,319,2,105,7291,709,655,2599
ДИМИТЪР БОРИСОВ ГЛАВЧЕВ,ГЕРБ,231,1,194,6762,839,279,3374
МАРИЯ ЙОРДАНОВА ИЛИЕВА,ГЕРБ,312,2,112,8276,608,920,1450
ТЕОДОРА РАДКОВА ГЕОРГИЕВА,ГЕРБ,235,6,185,5370,733,282,4869
ХАЛИЛ РЕДЖЕПОВ ЛЕТИФОВ,ДПС,287,7,132,2576,326,523,7829
ДАНИЕЛА ДИМИТРОВА МАЛЕШКОВА,ГЕРБ,247,2,177,8146,919,605,1584
ИМРЕН ИСМЕТОВА МЕХМЕДОВА,ДПС,254,3,169,2664,283,339,7968
РАДОСЛАВ ЛЮБЧОВ СТОЙЧЕВ,ПГБСП,256,8,162,2722,725,745,7062
ЮЛИАН КРЪСТЕВ АНГЕЛОВ,ОП,242,20,164,4091,407,478,6278
КРАСИМИР ДОНЧЕВ КАРАКАЧАНОВ,ОП,3,1,4,34,0,7,84
АНТОН ДИНЕВ ТОДОРОВ,ГЕРБ,27,2,30,613,103,20,166
ГЕРГАНА ЖЕЛЯЗКОВА СТЕФАНОВА,ВОЛЯ,116,48,262,2465,94,500,8195
ДИАНА ДИМОВА САВАТЕВА,ГЕРБ,271,5,71,5641,480,649,2622
ЛИЛЯНА ПАВЛОВА ПАВЛОВА,ГЕРБ,52,2,49,895,21,55,1434
ГЕОРГИ ГЕОРГИЕВ МИХАЙЛОВ,ПГБСП,299,10,117,1854,598,599,8203
ДЕЛЯН АЛЕКСАНДРОВ ДОБРЕВ,ГЕРБ,156,12,98,3058,508,186,3725
ДИМИТЪР СТОЯНОВ СТОЯНОВ,ПГБСП,246,21,159,2191,539,675,7849
НИГЯР САХЛИМ ДЖАФЕР,ДПС,238,40,148,1515,181,229,9329
ПОЛИНА АЛЕКСАНДРОВА ШИШКОВА,ПГБСП,78,3,13,875,215,386,930
ТЕМЕНУЖКА ПЕТРОВА ПЕТКОВА,ГЕРБ,1,1,6,94,21,4,6
АЛЕКСАНДЪР КОЙЧЕВ ИВАНОВ,ГЕРБ,302,2,122,6806,481,735,3232
МЛАДЕН НИКОЛОВ ШИШКОВ,ГЕРБ,188,6,232,7361,991,487,2415
ТОМА НИКОЛОВ ТОМОВ,ПГБСП,197,73,156,1610,335,301,9008
ХАМИД БАРИ ХАМИД,ДПС,274,12,140,2001,225,262,8766
ИСКРЕН ВАСИЛЕВ ВЕСЕЛИНОВ,ОП,342,16,68,4016,235,588,6415
МАНОИЛ МИНЧЕВ МАНЕВ,ГЕРБ,359,8,59,5991,862,358,4043
ФИЛИП СТЕФАНОВ ПОПОВ,ПГБСП,239,13,174,2042,658,653,7901
МАРИЯ ЩЕРЕВА БЕЛОВА,ГЕРБ,55,0,93,2514,189,251,522
СНЕЖАНА ГЕОРГИЕВА ДУКОВА,ГЕРБ,43,3,252,730,87,39,7361
ЦВЕТАН ГЕНЧЕВ ЦВЕТАНОВ,ГЕРБ,132,11,119,2469,323,281,4348
БОРИС ВАНГЕЛОВ БОРИСОВ,ОП,371,12,43,6577,618,612,3447
ДЖЕЙХАН ХАСАНОВ ИБРЯМОВ,ДПС,251,17,158,2099,293,366,8496
ДРАГОМИР ВЕЛКОВ СТОЙНЕВ,ПГБСП,224,16,186,2102,605,568,7979
ЕВГЕНИЯ ДАНИЕЛОВА АНГЕЛОВА,ГЕРБ,166,6,254,7022,710,552,2970
КРАСЕН ГЕОРГИЕВ КРЪСТЕВ,ГЕРБ,288,2,136,8327,367,1246,1314
ЛЪЧЕЗАР БОГОМИЛОВ ИВАНОВ,ГЕРБ,308,6,112,7353,933,471,2497
ЛИЛЯНА ДРУМЕВА РАДЕВА,ГЕРБ,94,1,66,2501,259,141,884
ГЕОРГИ ДИМИТРОВ АНДРЕЕВ,ПГБСП,250,6,170,1172,400,353,9329
ИВАН КИРОВ ГЕНОВ,ПГБСП,190,1,120,2616,591,688,4597
ИРЕНА МЕТОДИЕВА ДИМОВА,ГЕРБ,207,3,216,7833,926,569,1926
ВЛАДИМИР СЛАВЧЕВ ВЪЛЕВ,ГЕРБ,287,3,127,9011,1095,544,464
ГЕОРГИ КОЛЕВ КОЛЕВ,ОП,216,37,173,5494,431,587,4742
ЕКАТЕРИНА СПАСОВА ГЕЧЕВА-ЗАХАРИЕВА,ГЕРБ,2,1,5,87,19,7,12
СВЕТЛА МАРИНОВА БЪЧВАРОВА-ПИРАЛКОВА,ПГБСП,283,12,131,3326,669,933,6326
СВЕТЛАНА АНГЕЛОВА НАЙДЕНОВА,ГЕРБ,217,3,206,6758,914,397,3185
СПАС ГЕОРГИЕВ ГЪРНЕВСКИ,ГЕРБ,312,5,109,8009,1149,408,1688
ВАЛЕНТИН АЛЕКСИЕВ НИКОЛОВ,ГЕРБ,289,18,119,6540,598,543,3573
ЙОРДАН АПОСТОЛОВ АПОСТОЛОВ,ОП,267,6,153,2961,436,401,7456
РОСЕН ЖИВКОВ ИВАНОВ,ОП,393,0,33,7389,717,719,2429
СЛАВЧО СТОЕВ АТАНАСОВ,ОП,332,12,82,2626,183,520,7925
ТОМИСЛАВ ПЕЙКОВ ДОНЧЕВ,ГЕРБ,7,0,2,59,14,7,60
КОНСТАНТИН ВЕСЕЛИНОВ ПОПОВ,ГЕРБ,285,2,139,6647,620,685,3302
НИКОЛА ИЛИЕВ ДИНКОВ,ПГБСП,262,26,138,2945,533,1198,6578
АНГЕЛ ИЛИЕВ ИСАЕВ,НЕЗ,189,26,211,1728,147,192,9187
АННА ВАСИЛЕВА АЛЕКСАНДРОВА,ГЕРБ,228,0,189,8572,807,758,977
ДИМИТЪР ИВАНОВ ДАНЧЕВ,ПГБСП,226,26,174,2901,735,969,6649
ДИМИТЪР НИКОЛОВ ЛАЗАРОВ,ГЕРБ,288,12,117,4735,651,380,5348
ИВО АНГЕЛОВ ХРИСТОВ,ПГБСП,157,105,164,1376,329,321,9228
ЙОРДАНКА ИВАНОВА ФИКИРЛИЙСКА,ГЕРБ,109,0,62,3457,430,239,631
ПЕТЪР ХРИСТОВ ПЕТРОВ,ОП,367,2,57,5236,690,436,4892
ХАЙРИ РЕДЖЕБОВ САДЪКОВ,ДПС,269,12,145,3316,394,515,7029
СТАНИСЛАВ ИВАНОВ СТОЯНОВ,ГЕРБ,78,0,86,2542,162,246,883
СТОЙНО МИТЕВ СТОЙНОВ,ГЕРБ,65,1,12,1366,160,117,210
ДИЛЯН СТАНИМИРОВ ДИМИТРОВ,ГЕРБ,311,2,113,7024,780,559,2891
ЕМИЛ МАРИНОВ ХРИСТОВ,ГЕРБ,304,4,118,6172,378,851,3853
РАЛИЦА ТРИЛКОВА ДОБРЕВА,ГЕРБ,360,0,19,8224,987,432,229
СТОЯН МИХАЙЛОВ МИРЧЕВ,ПГБСП,79,135,212,1829,645,666,8114
ЕЛЕНА СТЕФАНОВА АКСИЕВА,ВОЛЯ,5,37,229,590,11,105,7277
АЛЕКСАНДЪР ПЕТРОВ АЛЕКСАНДРОВ,ГЕРБ,254,0,172,8678,1196,373,1007
ГЕОРГИ СТРАХИЛОВ СВИЛЕНСКИ,ПГБСП,268,25,133,2224,703,675,7652
ТАНЕР МЕХМЕД АЛИ,ДПС,245,5,176,2042,316,446,8450
ЯВОР БОЖИЛОВ НОТЕВ,ОП,250,18,158,2172,153,269,8660
ЮЛИЯН МИХАЙЛОВ ПАПАШИМОВ,ГЕРБ,295,0,131,7950,889,634,1781
ДЕСИСЛАВА АНГЕЛОВА ТОДОРОВА,ГЕРБ,253,9,164,7880,786,709,1879
ДИАНА ИВАНОВА ЙОРДАНОВА,ГЕРБ,16,0,43,497,40,66,299
ИВАН ВАЛЕНТИНОВ ИВАНОВ,ПГБСП,200,18,208,1621,454,482,8697
ЛЮБОМИР БОЙКОВ БОНЕВ,ПГБСП,262,36,128,2316,859,787,7292
МЕНДА КИРИЛОВА СТОЯНОВА,ГЕРБ,102,11,313,4331,663,218,6042
ПЛАМЕН ДУЛЧЕВ НУНЕВ,ГЕРБ,171,11,244,4792,688,300,5474
ИВАЙЛО АНГЕЛОВ МОСКОВСКИ,ГЕРБ,30,2,13,228,26,13,1039
БОЙКО МЕТОДИЕВ БОРИСОВ,ГЕРБ,4,1,3,22,2,1,100
АНДОН ДИМОВ ДОНЧЕВ,ВОЛЯ,277,4,135,3048,104,584,7315
АСЯ АТАНАСОВА ПЕЕВА,ГЕРБ,319,2,105,7474,895,489,2396
ВАЛЕРИ МИРЧЕВ ЖАБЛЯНОВ,ПГБСП,180,62,184,1511,478,412,8853
ВАСИЛ ЦВЕТКОВ ЦВЕТКОВ,ГЕРБ,136,4,286,7282,721,690,2561
ДАНКА ЕВСТАТИЕВА ЗИДАРОВА-ЛЮРТОВА,ГЕРБ,43,0,51,1775,170,232,229
ДОБРИН НЕНОВ ДАНЕВ,ПГБСП,71,2,21,652,159,324,1271
КАМЕН КОСТОВ КОСТАДИНОВ,ДПС,2,1,1,8,0,1,43
АТАНАС ИВАНОВ ТАШКОВ,ГЕРБ,295,4,127,7958,1011,501,1784
БОГДАН ЕМИЛОВ БОЦЕВ,ПГБСП,220,21,185,1504,403,416,8931
ЕМИЛИЯ ВЕСЕЛИНОВА СТАНЕВА-МИЛКОВА,ГЕРБ,302,5,110,7517,830,672,2095
ПЕНЧО ПЛАМЕНОВ МИЛКОВ,ПГБСП,146,18,168,1971,564,753,5560
ТЕОДОРА АТАНАСОВА ХАЛАЧЕВА,ПГБСП,165,52,209,2320,538,748,7648
ЕВДОКИЯ СЛАВЧОВА АСЕНОВА,ПГБСП,79,0,15,1000,222,368,816
ДЕСИСЛАВА ЙОРДАНОВА КОСТАДИНОВА-ГУШЕВА,ГЕРБ,330,6,81,7148,862,366,2738
ДЖЕМА МАРИНОВА ГРОЗДАНОВА,ГЕРБ,253,6,158,4644,650,348,5460
СИМЕОН ХРИСТОВ СИМЕОНОВ,ДПС,312,5,109,4820,369,650,5415
МАРИЯ ЙОРДАНОВА ЦВЕТКОВА,ОП,50,8,39,1393,77,216,764
АТАНАС СЛАВЧЕВ СТОЯНОВ,ОП,271,3,60,2630,275,395,5559
ЙОРДАН ИЛИЕВ ЙОРДАНОВ,ОП,388,3,35,5541,532,587,4594
ПЛАМЕН ИВАНОВ МАНУШЕВ,ГЕРБ,305,2,119,5984,806,501,3963
ГАЛЯ СТОЯНОВА ЖЕЛЯЗКОВА,ГЕРБ,167,1,78,4332,431,396,1198
РАДОСЛАВА ПЛАМЕН ЧЕКАНСКА,ГЕРБ,253,1,77,6805,754,398,867
ДОНКА ДИМОВА СИМЕОНОВА,ПГБСП,169,1,256,3151,622,1021,6460
ДОРА СТОЯНОВА ХРИСТОВА,ВОЛЯ,252,13,161,4158,120,757,6219
ЙОРДАН КИРИЛОВ ЦОНЕВ,ДПС,154,71,201,1148,189,182,9735
РУМЕН ВАСИЛЕВ ГЕЧЕВ,ПГБСП,215,39,172,1480,466,403,8905
ТОДОР БАЙЧЕВ БАЙЧЕВ,ПГБСП,274,13,139,2416,715,889,7234
ИВАН СТЕФАНОВ ВЪЛКОВ,ГЕРБ,168,10,188,6020,501,592,3146
ВЕНКА КОНСТАНТИНОВА СТОЯНОВА,ГЕРБ,321,0,96,8010,841,656,1607
КРАСИМИР МИТКОВ СЪБЕВ,ГЕРБ,328,2,87,8452,926,624,1112
ЦВЕТА ВЪЛЧЕВА КАРАЯНЧЕВА,ГЕРБ,195,10,221,3748,749,242,6515
АНАСТАС МАРИНОВ ПОПДИМИТРОВ,ПГБСП,97,1,16,485,185,174,1913
АЛБЕНА ВЛАДИМИРОВА НАЙДЕНОВА,ВОЛЯ,318,8,100,4849,151,719,5535
АЛЕКСАНДЪР ДИМИТРОВ ПАУНОВ,ПГБСП,299,4,123,2063,536,691,7964
ДЕНЧО СТОЯНОВ БОЯДЖИЕВ,ПГБСП,116,12,204,1621,449,503,6275
МИЛЕНА ЦВЕТАНОВА ДАМЯНОВА,ГЕРБ,179,0,247,6602,895,473,3284
ЕЛЕНА ВЛАДИМИРОВА АНГЕЛИНИНА,ВОЛЯ,4,1,4,16,3,6,127
АЛЕКСАНДЪР ИВАНОВ МАЦУРЕВ,ГЕРБ,163,1,262,8183,916,623,1532
ВОЛЕН НИКОЛОВ СИДЕРОВ,ОП,80,31,218,248,19,34,8503
КРЪСТИНА НИКОЛОВА ТАСКОВА,ВОЛЯ,120,36,270,1680,123,410,9041
МАНОЛ ТРИФОНОВ ГЕНОВ,ПГБСП,199,55,172,1400,419,276,9159
ПЕТЪР ГЕОРГИЕВ КЪНЕВ,ПГБСП,231,11,184,1914,185,288,8867
ЕМИЛ СЕРАФИМОВ ТОНЧЕВ,ГЕРБ,161,2,132,5643,299,660,966
ЕЛЕНА НИКОЛОВА ЙОНЧЕВА,ПГБСП,43,59,190,913,282,245,6718
СТЕФАН ЛАМБОВ ДАНАИЛОВ,ПГБСП,4,19,317,86,16,3,8991
КРАСИМИР ГЕОРГИЕВ ЦИПОВ,ГЕРБ,95,2,26,2001,264,155,544
КИРИЛ НИКОЛАЕВ ДОБРЕВ,ПГБСП,4,3,10,49,10,10,130
КАЛИН ДИМИТРОВ ВАСИЛЕВ,ГЕРБ,382,3,26,8739,993,582,491
СТОЯН РАДКОВ БОЖИНОВ,ОП,78,1,12,1321,72,199,744
ХРИСТО ТАНЧЕВ ПРОДАНОВ,ПГБСП,283,6,137,2753,741,1069,6691
ДЕСИСЛАВ ПЕТРОВ ТАСКОВ,ПГБСП,77,3,14,618,184,208,1396
АНДРИАН ИВАНОВ РАЙКОВ,ГЕРБ,189,2,235,8740,1076,594,844
ВЕЛИСЛАВА ИВАНОВА КРЪСТЕВА,ДПС,82,95,249,902,171,161,10020
ГЕОРГИ ГЕОРГИЕВ СТОИЛОВ,ПГБСП,226,21,179,2903,798,921,6632
КРАСИМИР ИЛИЕВ БОГДАНОВ,ОП,247,19,160,4060,381,557,6256
МАРТИН ВЛАДИМИРОВ ТИНЧЕВ,ГЕРБ,341,5,67,7859,665,829,1673
СЕРГЕЙ МАНУШОВ КИЧИКОВ,ДПС,312,5,109,3968,440,654,6192
ДЕСИСЛАВ СЛАВОВ ЧУКОЛОВ,ОП,164,31,231,574,68,128,10484
ЕЛХАН МЕХМЕДОВ КЪЛКОВ,ДПС,230,13,183,4356,481,836,5581
ЦВЕТАН БОРИСОВ ТОПЧИЕВ,ПГБСП,311,6,109,3072,777,1229,6176
ЕЛЕНА СТЕФАНОВА ПЕШЕВА,ВОЛЯ,5,13,82,244,8,49,2156
